{
  "training_summary": {
    "num_agents": 3,
    "total_episodes": 0,
    "total_steps": 0,
    "training_times": {
      "0": 1843.2000000000012,
      "1": 1843.2000000000012,
      "2": 1843.2000000000012
    }
  },
  "per_agent": {
    "agent_0": {
      "episodes": 0,
      "rewards": [
        601.073495688756,
        612.4057935384784,
        597.853572575107,
        597.987998909325,
        619.4838674257978,
        589.8901057359662,
        614.4720471624115,
        619.2619965891058,
        655.4691693995052,
        641.4420530524459,
        638.547818342138,
        643.250884798442,
        652.0670583461049,
        721.7731995538529,
        700.9163163889131,
        707.1714103369858,
        746.6957076921557,
        747.7924075796758,
        733.1374786327691,
        726.264162269049,
        726.1442499030453,
        747.1752391913194,
        743.8295079506202,
        772.8013521305795,
        746.3795794286278,
        729.7474915832654,
        759.893812605168,
        760.2573924707531,
        759.6547046081793,
        771.9014790498428,
        740.2679490736128,
        769.2786475016077,
        769.5916097817754,
        765.7867100664171,
        780.155673762213,
        764.084440737471,
        760.2129412354899,
        765.0019565473827,
        756.4827241298076,
        751.260598129129,
        759.1992545828506,
        783.1510942140715,
        789.5018629931425,
        791.8195347637319,
        773.8923420376408,
        808.0274619847812,
        781.7175273401822,
        771.6117566114787,
        793.8223898228058,
        808.0842857841808,
        761.0293265369866,
        778.5541293787178,
        793.972788196514,
        778.7490368330109,
        776.482442852499,
        791.5131358952299,
        780.7707585615434,
        793.0863634488652,
        802.457285102805,
        801.6895799456103,
        815.6316976348601,
        790.7628508474769,
        810.947857009174,
        799.1128164788986,
        774.6318528231135,
        775.4808316634189,
        814.0903784225686,
        824.864269420756,
        841.3042067139605,
        814.7853811893722,
        818.5168403742707,
        842.0631515333037,
        791.0986354671805,
        794.7298302658538,
        800.8047381955143,
        844.6229285872679,
        831.4372296914356,
        825.8529369673037,
        813.6308763720327,
        796.1281523063886,
        817.4649546857133,
        857.3374197478527,
        826.971455436873,
        818.566583906083,
        801.8730203487653,
        822.3896530723973,
        820.3605119179331,
        829.5120975508343,
        827.0027662212684,
        830.2885169158052
      ],
      "episode_lengths": [
        2048,
        2048,
        2048,
        2048,
        2048,
        2048,
        2048,
        2048,
        2048,
        2048,
        2048,
        2048,
        2048,
        2048,
        2048,
        2048,
        2048,
        2048,
        2048,
        2048,
        2048,
        2048,
        2048,
        2048,
        2048,
        2048,
        2048,
        2048,
        2048,
        2048,
        2048,
        2048,
        2048,
        2048,
        2048,
        2048,
        2048,
        2048,
        2048,
        2048,
        2048,
        2048,
        2048,
        2048,
        2048,
        2048,
        2048,
        2048,
        2048,
        2048,
        2048,
        2048,
        2048,
        2048,
        2048,
        2048,
        2048,
        2048,
        2048,
        2048,
        2048,
        2048,
        2048,
        2048,
        2048,
        2048,
        2048,
        2048,
        2048,
        2048,
        2048,
        2048,
        2048,
        2048,
        2048,
        2048,
        2048,
        2048,
        2048,
        2048,
        2048,
        2048,
        2048,
        2048,
        2048,
        2048,
        2048,
        2048,
        2048,
        2048
      ],
      "lane_changes": [],
      "collisions": [],
      "avg_reward": 761.0917933617511,
      "avg_episode_length": 2048.0,
      "total_lane_changes": 0,
      "total_collisions": 0,
      "reward_components": {
        "comfort": [],
        "efficiency": [],
        "safety": [],
        "traffic_flow": []
      }
    },
    "agent_1": {
      "episodes": 0,
      "rewards": [
        584.6919535343635,
        596.3394339613895,
        601.9621037652246,
        595.6376255247826,
        598.3573698264836,
        598.3366123815591,
        588.3094766113802,
        590.5184377312053,
        627.5547945365993,
        662.4615959640876,
        629.6725924396426,
        663.8628482248829,
        690.4210694960675,
        704.545492056252,
        690.9910294938289,
        685.2123537246982,
        680.4575578817391,
        715.8032172697344,
        711.1941238636206,
        699.4226141340143,
        729.0052874158781,
        745.5285332113098,
        744.6230502664023,
        736.2999109385513,
        764.8563348049032,
        777.0378673773276,
        784.3230717188789,
        824.5694555719,
        763.8277756838231,
        788.4236081436936,
        737.1144591659413,
        798.6312678674959,
        800.5401519809695,
        823.3914576752909,
        820.6465275575822,
        824.0537573164161,
        839.7112276262527,
        839.3521991653224,
        841.4639294468718,
        844.8475605929815,
        834.436502397709,
        859.8049691723875,
        826.0667864163929,
        833.708591841094,
        835.4810852364096,
        879.1822340880263,
        852.5821725612767,
        864.8448243972099,
        847.5620724793138,
        852.6458907954705,
        853.190377611778,
        860.8878866120693,
        861.3653175708937,
        858.0294364801698,
        843.4899952348942,
        830.387795269392,
        859.1402153266902,
        874.4297216674331,
        872.9561620661549,
        866.985835884805,
        871.1526622075909,
        850.4288043410122,
        861.8790030990094,
        885.9747707816789,
        869.0939500926496,
        896.1477057183805,
        866.4627021032965,
        884.4989651704402,
        849.9918328131313,
        888.2007559803773,
        874.5298804890579,
        837.7400624426642,
        883.2153371595517,
        867.2373269055806,
        876.9386109791319,
        860.4721356165412,
        864.252635526606,
        844.1965619231732,
        895.0081607508039,
        838.0487436523355,
        891.4279967115438,
        902.8045527144916,
        888.0386022434787,
        893.8005723532863,
        905.6092541467966,
        854.2432874085048,
        905.011320604547,
        907.0201174315896,
        909.0577253515885,
        860.3586624563602
      ],